id,metric,threshold,warn,rule
R01,실질 레버리지 배수 (Equity 대비),5.0,3.0,내 돈(순수 Equity)의 몇 배로 베팅하고 있는가 — 레버리지 총량
R02,청산까지 하락여력,0.1,0.2,몇 % 더 빠지면 반대매매인가
R03,현금 비중,0.1,0.2,현금도 포지션이다. 현금은 생명줄
R04,손절 관리 위반 종목 수 (미입력+본전=손절가+하회),0.0,1.0,"손절가를 실제로 정했고, 지키고 있는가 (평단가를 손절가 칸에 그대로 넣은 것은 미설정으로 간주)"
R05,전종목 손절 시 총손실 ÷ 순수 자기자본,0.1,0.15,전 종목이 동시에 손절선에 닿으면 자기자본의 몇 %가 사라지는가 (실손절가 없는 종목은 집계 제외 — R04 stop_at_cost 참고)
R06,단일 섹터 최대비중,0.75,0.5,한 섹터에 계좌 전체가 걸려 있지 않은가
R07,레버ETF 명목 ÷ 계좌 순자산,0.5,0.05,기조에 맞는 레버ETF 상한을 지키고 있는가 (2026-08-24: 시트 원본 기준값 공란이라 잠정치 0.5를 명문화)
R08,총차입 ÷ 연봉,8.0,8.0,빚은 연봉 대비 감당 가능한 범위 안에
R10,단일 종목 최대비중 (실질 기준),,0.3,"한 종목에 계좌 전체가 걸려 있지 않은가 — R06(섹터)의 종목판. 근거 있는 기준값 정하기 전까진 threshold 비워 '측정불가'로 표시"
